{
  "id": "fu-ace-cards",
  "title": "Fabula Ultima: Ace of Cards",
  "description": "Draw, hand, table areas for Fabula Ultima Ace of Cards class with visual enhancements for set detection.",
  "version": "0.7.0",
  "license": "MIT",
  "compatibility": {
    "minimum": "12",
    "verified": "12"
  },
  "authors": [
    {
      "name": "Gus",
      "flags": {}
    }
  ],
  "esmodules": [
    "scripts/main.js",
    "scripts/settings.js",
    "scripts/hooks-manager.js",
    "scripts/pile-manager.js",
    "scripts/deck-manager.js",
    "scripts/dialog-manager.js",
    "scripts/ui-manager.js",
    "scripts/card-controller.js",
    "scripts/socket-manager.js",
    "scripts/event-handlers.js",
    "scripts/set-detector.js",
    "scripts/ui-enhancements.js",
    "scripts/damage-integration.js"
  ],
  "styles": [
    "styles/fu-style.css",
    "styles/dialog-styles.css"
  ],
  "packs": [
    {
      "name": "ace-of-card-decks",
      "label": "Ace of Card Decks",
      "path": "packs/ace-of-card-decks",
      "type": "Cards",
      "ownership": {
        "PLAYER": "OBSERVER",
        "ASSISTANT": "OWNER"
      },
      "system": "projectfu"
    }
  ],
  "socket": true,
  "url": "https://github.com/mordachai/fu-ace-cards/tree/main",
  "manifest": "https://raw.githubusercontent.com/mordachai/fu-ace-cards/refs/heads/main/module.json",
  "download": "https://github.com/mordachai/fu-ace-cards/raw/refs/heads/main/fu-ace-cards.zip",
  "relationships": {
    "systems": [
      {
        "id": "projectfu",
        "type": "system",
        "compatibility": {}
      }
    ]
  }
}